,pos,reads_all,mismatches,deletions,insertions
0,279,8045,7972,46,8
1,280,8045,48,19,9
2,281,8045,50,16,5
3,282,8049,505,33,65
4,283,8042,155,115,62
5,284,8048,104,864,241
6,285,8046,3245,4134,5
7,286,8041,3473,4215,9
8,287,8044,646,2743,69
9,288,8046,1867,2752,431
10,289,8047,2946,2706,28
11,290,8046,2433,2246,24
12,291,8044,2610,2775,44
13,292,8044,2506,2257,528
14,293,8041,1646,2136,44
15,294,8044,4379,1996,114
16,295,8046,2022,1580,22
17,296,8039,1883,1308,50
18,297,8039,5399,1206,21
19,298,8047,769,1345,12
20,299,8043,728,1053,60
21,300,8049,862,468,64
22,301,8050,1395,516,51
23,302,8049,4392,1837,120
24,303,8046,2290,1422,40
25,304,8051,1492,1248,63
26,305,8048,1054,1641,36
27,306,8053,2334,2659,217
28,307,8045,1820,3191,71
29,308,8051,2277,3289,67
30,309,8055,1947,2336,142
31,310,8054,3644,2124,126
32,311,8051,1479,1558,90
33,312,8051,1766,1556,159
34,313,8054,1337,1687,66
35,314,8054,1657,2762,14
36,315,8053,1532,3189,348
37,316,8051,2474,3028,52
38,317,8054,2700,3128,246
39,318,8052,3390,2511,32
40,319,8053,3848,1768,45
41,320,8052,584,1194,18
42,321,8059,748,839,53
43,322,8053,451,315,243
44,323,8054,996,315,78
45,324,8052,667,508,49
46,325,8053,1736,1938,206
47,326,8055,1294,2383,696
48,327,8057,2869,2193,638
49,328,8059,983,2163,197
50,329,8062,1807,2264,296
51,330,8061,2183,1409,59
52,331,8056,5107,1289,305
53,332,8057,1619,1066,88
54,333,8053,949,868,25
55,334,8057,544,675,6
56,335,8054,259,459,26
57,336,8061,367,423,3
58,337,8056,471,58,7
59,338,8061,62,29,5
60,339,8062,48,14,3
61,340,8061,146,16,4
62,341,8059,192,2,4
